sepal length (cm),sepal width (cm),petal length (cm),petal width (cm),target
5.1,3.5,1.4,0.2,0
4.9,3.0,1.4,0.2,0
4.7,3.2,1.3,0.2,0
4.6,3.1,1.5,0.2,0
5.0,3.6,1.4,0.2,0
5.4,3.9,1.7,0.4,0
4.6,3.4,1.4,0.3,0
5.0,3.4,1.5,0.2,0
4.4,2.9,1.4,0.2,0
4.9,3.1,1.5,0.1,0
5.4,3.7,1.5,0.2,0
4.8,3.4,1.6,0.2,0
4.8,3.0,1.4,0.1,0
4.3,3.0,1.1,0.1,0
5.8,4.0,1.2,0.2,0
5.7,4.4,1.5,0.4,0
5.4,3.9,1.3,0.4,0
5.1,3.5,1.4,0.3,0
5.7,3.8,1.7,0.3,0
5.1,3.8,1.5,0.3,0
5.4,3.4,1.7,0.2,0
5.1,3.7,1.5,0.4,0
4.6,3.6,1.0,0.2,0
5.1,3.3,1.7,0.5,0
4.8,3.4,1.9,0.2,0
5.0,3.0,1.6,0.2,0
5.0,3.4,1.6,0.4,0
5.2,3.5,1.5,0.2,0
5.2,3.4,1.4,0.2,0
4.7,3.2,1.6,0.2,0
4.8,3.1,1.6,0.2,0
5.4,3.4,1.5,0.4,0
5.2,4.1,1.5,0.1,0
5.5,4.2,1.4,0.2,0
4.9,3.1,1.5,0.2,0
5.0,3.2,1.2,0.2,0
5.5,3.5,1.3,0.2,0
4.9,3.6,1.4,0.1,0
4.4,3.0,1.3,0.2,0
5.1,3.4,1.5,0.2,0
5.0,3.5,1.3,0.3,0
4.5,2.3,1.3,0.3,0
4.4,3.2,1.3,0.2,0
5.0,3.5,1.6,0.6,0
5.1,3.8,1.9,0.4,0
4.8,3.0,1.4,0.3,0
5.1,3.8,1.6,0.2,0
4.6,3.2,1.4,0.2,0
5.3,3.7,1.5,0.2,0
5.0,3.3,1.4,0.2,0
7.0,3.2,4.7,1.4,1
6.4,3.2,4.5,1.5,1
6.9,3.1,4.9,1.5,1
5.5,2.3,4.0,1.3,1
6.5,2.8,4.6,1.5,1
5.7,2.8,4.5,1.3,1
6.3,3.3,4.7,1.6,1
4.9,2.4,3.3,1.0,1
6.6,2.9,4.6,1.3,1
5.2,2.7,3.9,1.4,1
5.0,2.0,3.5,1.0,1
5.9,3.0,4.2,1.5,1
6.0,2.2,4.0,1.0,1
6.1,2.9,4.7,1.4,1
5.6,2.9,3.6,1.3,1
6.7,3.1,4.4,1.4,1
5.6,3.0,4.5,1.5,1
5.8,2.7,4.1,1.0,1
6.2,2.2,4.5,1.5,1
5.6,2.5,3.9,1.1,1
5.9,3.2,4.8,1.8,1
6.1,2.8,4.0,1.3,1
6.3,2.5,4.9,1.5,1
6.1,2.8,4.7,1.2,1
6.4,2.9,4.3,1.3,1
6.6,3.0,4.4,1.4,1
6.8,2.8,4.8,1.4,1
6.7,3.0,5.0,1.7,1
6.0,2.9,4.5,1.5,1
5.7,2.6,3.5,1.0,1
5.5,2.4,3.8,1.1,1
5.5,2.4,3.7,1.0,1
5.8,2.7,3.9,1.2,1
6.0,2.7,5.1,1.6,1
5.4,3.0,4.5,1.5,1
6.0,3.4,4.5,1.6,1
6.7,3.1,4.7,1.5,1
6.3,2.3,4.4,1.3,1
5.6,3.0,4.1,1.3,1
5.5,2.5,4.0,1.3,1
5.5,2.6,4.4,1.2,1
6.1,3.0,4.6,1.4,1
5.8,2.6,4.0,1.2,1
5.0,2.3,3.3,1.0,1
5.6,2.7,4.2,1.3,1
5.7,3.0,4.2,1.2,1
5.7,2.9,4.2,1.3,1
6.2,2.9,4.3,1.3,1
5.1,2.5,3.0,1.1,1
5.7,2.8,4.1,1.3,1
6.3,3.3,6.0,2.5,2
5.8,2.7,5.1,1.9,2
7.1,3.0,5.9,2.1,2
6.3,2.9,5.6,1.8,2
6.5,3.0,5.8,2.2,2
7.6,3.0,6.6,2.1,2
4.9,2.5,4.5,1.7,2
7.3,2.9,6.3,1.8,2
6.7,2.5,5.8,1.8,2
7.2,3.6,6.1,2.5,2
6.5,3.2,5.1,2.0,2
6.4,2.7,5.3,1.9,2
6.8,3.0,5.5,2.1,2
5.7,2.5,5.0,2.0,2
5.8,2.8,5.1,2.4,2
6.4,3.2,5.3,2.3,2
6.5,3.0,5.5,1.8,2
7.7,3.8,6.7,2.2,2
7.7,2.6,6.9,2.3,2
6.0,2.2,5.0,1.5,2
6.9,3.2,5.7,2.3,2
5.6,2.8,4.9,2.0,2
7.7,2.8,6.7,2.0,2
6.3,2.7,4.9,1.8,2
6.7,3.3,5.7,2.1,2
7.2,3.2,6.0,1.8,2
6.2,2.8,4.8,1.8,2
6.1,3.0,4.9,1.8,2
6.4,2.8,5.6,2.1,2
7.2,3.0,5.8,1.6,2
7.4,2.8,6.1,1.9,2
7.9,3.8,6.4,2.0,2
6.4,2.8,5.6,2.2,2
6.3,2.8,5.1,1.5,2
6.1,2.6,5.6,1.4,2
7.7,3.0,6.1,2.3,2
6.3,3.4,5.6,2.4,2
6.4,3.1,5.5,1.8,2
6.0,3.0,4.8,1.8,2
6.9,3.1,5.4,2.1,2
6.7,3.1,5.6,2.4,2
6.9,3.1,5.1,2.3,2
5.8,2.7,5.1,1.9,2
6.8,3.2,5.9,2.3,2
6.7,3.3,5.7,2.5,2
6.7,3.0,5.2,2.3,2
6.3,2.5,5.0,1.9,2
6.5,3.0,5.2,2.0,2
6.2,3.4,5.4,2.3,2
5.9,3.0,5.1,1.8,2
4.859155766222843,3.5775811843177503,1.410754284708045,0.02459219588268735,0
5.000985692034109,3.241183473846367,1.4333156839910564,0.12411796994752887,0
4.965902345515431,3.3990063181655987,1.4447025679470167,0.2343534270182303,0
4.648690199978014,3.0174430060730657,1.515823114959762,0.19067283442028365,0
5.111460123562358,4.159920906715148,1.4345358374263948,0.1657679142727822,0
4.996690181044308,3.5644934820743774,1.4503630660336841,0.21540271547708267,0
5.050036053205627,3.13191311565463,1.1281116178449329,0.15233837388978186,0
5.018080776423315,3.183601601748287,1.2245604744617973,0.18364078226580244,0
4.515553202602006,3.428833794031461,1.448035224501205,0.28316913117997883,0
5.0867078553513325,3.35790483834721,1.5357438546314999,0.06441365196931165,0
5.360669436127786,3.887273233168912,1.2935681785739663,0.346608790499405,0
4.374927535483626,3.205997284147448,1.3570688372856288,0.24060818836154305,0
4.364831514584433,2.891315550054991,1.2937302248704017,0.10036296553686463,0
4.971279609531709,3.1991566627569363,1.2080323871395025,0.16325146013085903,0
4.736783778575351,3.2212208000335982,1.3637086421368505,0.2798210206579096,0
4.9650704441149855,3.709761739028395,1.4792629512254578,0.20969446807439338,0
5.521439972013411,3.4748751624919927,1.3681433123142146,0.1878574677538598,0
4.578163107081451,3.136133843722901,1.474217151737471,0.1508908189297299,0
4.769095693594104,3.4563429083154413,1.8444826943779644,0.21112002860204243,0
4.787451687807873,3.3599252028676,1.9410740971822085,0.24717195297782563,0
4.909004556061076,3.136740165257076,1.4742681066985501,0.037386740237567107,0
5.174406788217055,3.5074012562319736,1.4961287924123605,0.08004048719407719,0
5.374497239971401,3.4878999146887417,1.7433170531971987,0.2283750341732085,0
4.330944694946544,3.1005989140984886,1.047089458996657,0.02843003218097999,0
5.130675945194967,3.8136191676713302,1.435652061088297,0.30724600905929,0
4.855575457607336,2.998936937349623,1.391894823554644,0.2530138946476591,0
4.559633139448123,3.3171520189004564,1.4474261264305486,0.36102764304195234,0
5.036292717785442,3.2134555314956077,1.1359103764018126,0.24236348029024052,0
4.995350916291395,3.3821968739617136,1.6261655983438694,0.30571868054689644,0
5.248751694009822,3.784707435146463,1.5557067363246204,0.23429615750696686,0
4.9622033048220215,3.527773387683629,1.3713036451785967,0.16260731137311268,0
4.997778150052848,3.2584159301330957,1.422348903195069,0.12878585453165986,0
5.808945952156965,3.9967373554424013,1.1816212955536267,0.1934219233973233,0
4.821482957507411,3.01569535757208,1.6360963821612995,0.09052008748590015,0
4.92836003260828,2.9802404641640132,1.4591486180465019,0.2574375087723013,0
5.096983815112073,3.7928593532785886,1.9598628787809202,0.3435989174183316,0
5.092804661972103,3.419052065931757,1.5655294988857562,0.1482371719271312,0
4.502896634547437,2.291601084555369,1.299284100330513,0.2946842637619429,0
5.293772057240812,3.870793633185935,1.3532407959806099,0.30056435657666514,0
4.879282511485106,3.054562385966027,1.6156039834860985,0.21432931470614125,0
4.980213812799945,3.673136880036681,1.2884819907253735,0.17433010440467503,0
5.056117413744459,3.257331706823933,1.6494392469397807,0.5069997878376086,0
5.503245608349217,3.675321858026768,1.4860876020999196,0.10496968580504323,0
4.631655701603735,3.0854400844939036,1.5475198600715045,0.10637685061925356,0
4.92160183060268,3.0707880578245863,1.52036395711333,0.08707732591774073,0
4.6833264963161385,3.1615927072840693,1.2666516936677474,0.1710300811416573,0
4.837044222250422,3.526273300768653,1.6032624799645536,0.2481500701556782,0
4.997198381869627,2.990954295573347,1.6229220102380988,0.2541315706993221,0
4.978434920564852,3.5264643454561653,1.6166962439626829,0.6094952335600778,0
4.6008653042774394,3.554750510206375,0.9956181687370989,0.2524373562590721,0
5.058390291301985,3.8053928328456386,1.935554619534552,0.4285837467749067,0
4.776271227634543,3.4990371728345435,1.5573666154021768,0.20580229395046,0
5.144823523824703,3.513446544622903,1.39552499117508,0.2232869799552118,0
5.081224817828499,3.482860239271674,1.4154749666743522,0.1525017325903005,0
4.705268449490111,3.077978010067617,1.308072636942464,0.28288331587232385,0
4.577596792543297,3.280970248449005,1.5527411860120712,0.22059191594904515,0
4.769929199626014,3.1731552811019164,1.6602059415214878,0.23421139304532113,0
4.8531299383257664,2.982839270097544,1.3574921142640979,0.2582144449662917,0
4.985379014534758,3.1286929659258558,1.1177762967801232,0.19056727719050293,0
5.51982244268243,3.5163249632131333,1.3183992813501118,0.19216641062832288,0
6.12730786677027,2.8010981240715114,4.658256338599537,1.1789837513140966,1
5.778543679709293,2.854015829540261,4.149202005476163,1.2979644109237531,1
6.6058669845290146,2.985371712815214,4.2856103541491475,1.331381691605088,1
6.629847268322867,2.87073521873826,4.549898417646588,1.3485225427293177,1
5.726451614029982,3.057536825998287,4.27089460964687,1.1375530558790656,1
6.157538504451428,2.741240937725046,4.71312686992339,1.1707155291448572,1
6.648351619102278,3.1129478279030875,4.661710570850675,1.5122171497405992,1
4.8793066047771845,2.390394076945839,3.344709934264634,1.0070199940107585,1
6.41153402151294,3.124506951218427,4.4122574186548515,1.5272478235763685,1
5.673311512091074,2.9800403537664266,4.613061534818788,1.5656230285005897,1
5.425199576355979,2.3591620908794293,3.9295394546960005,1.3288611644135824,1
6.496026470851095,2.9117481778169467,4.628136761924687,1.3018340743192163,1
5.595376549620851,2.872937173397347,3.5945803749010667,1.287254126835436,1
5.681231580466698,2.4559631910166013,3.9303898462431923,0.9922361095326285,1
5.579358546453556,2.8152367828626894,3.5623166240745054,1.2597237812901503,1
5.513956296949306,3.0806580996182396,4.453696438143686,1.4595983815968148,1
5.212731570023444,2.724336729381551,3.9668057421546474,1.3285295110906004,1
5.504094185141817,2.372041750045759,3.643813069836376,0.9654769087036896,1
6.335534258347972,2.8051845364461574,4.493627482759542,1.4087635404915257,1
5.499780916296768,2.308081530132834,4.012786545123889,1.3708333285869545,1
5.812070235544984,2.7077833068827086,4.092758606608093,1.0035344295241446,1
5.732073087737338,2.617367655288897,4.08219408000196,1.2507441091769183,1
4.977226451554014,2.3096690500524173,3.2900403307266415,0.9978412573498224,1
6.557977972519265,2.884518044620562,4.576719264195819,1.2749023306811065,1
6.373504128502529,2.9432674205159706,4.330526952512705,1.2823278938581817,1
6.955862882452285,3.1578250052975907,4.889691641922701,1.533214398857345,1
5.684243217459406,2.7290848001009698,4.196920491090491,1.4210312426614173,1
5.526636611557322,2.74158443768783,4.206043291408604,1.2975151912889091,1
6.633238052897972,2.976716575722339,4.45200970061926,1.4013388535924665,1
5.9621817685964285,2.2225053526908485,4.12136639489032,0.935003361184992,1
6.793445505984476,2.6943914153029436,4.880268421898877,1.4175172739554172,1
6.048455107406959,2.133264767110806,3.972292463180424,1.0580424176063417,1
5.828014578839703,2.9461396911428164,4.159614995261737,1.5847315217966795,1
5.429077764144822,3.110547757026952,4.526916562473387,1.5547465637048394,1
5.838905304118526,2.977949101244867,4.26930742406114,1.5421752637224393,1
5.729351591667533,3.0396011903512665,4.210530626836445,1.1971646494795947,1
6.023344639114426,2.934565218643946,4.491801598340262,1.4940651591678302,1
5.5107949809614,2.6434034829577397,4.397185713679519,1.1561229549014995,1
6.831192272278481,2.8653360496647475,4.848744371899886,1.4158726052206712,1
5.130398009653655,2.413265416971345,2.9907656702605334,1.1319404646601725,1
5.8296778396798565,2.6434871218051965,4.015063102790481,1.1930894616573184,1
5.988432800851381,2.8703571734022306,4.548166987649767,1.61239508062467,1
5.501148796226532,2.3201352079416164,3.7568303171910284,1.1201010353762246,1
5.715041940195819,2.911547211447564,4.237189516777183,1.2754376338991096,1
5.445817096829314,2.620707233723438,4.335016934100809,1.1779470904654685,1
6.633647452643951,3.072885383362237,5.0316161071178565,1.6703668124145987,1
6.028262759993611,3.5127751620575145,4.579129416301265,1.762331197525441,1
4.948156143523609,2.434916088427747,3.373793014383565,1.0612612062789182,1
6.666588648293998,3.1415716961010873,4.737743680171153,1.5933073055625588,1
5.652614373998496,2.9286631127772167,3.5784826457644376,1.1735144364365444,1
5.53753104834198,2.4292471038172927,3.8080782742887127,1.040593809346728,1
6.085505252775528,2.8291288782868014,3.9605484782529055,1.4097653161716195,1
5.491175722585719,2.471645350939704,3.6681908555960496,0.9442773031611749,1
5.530411581610919,2.380651671498149,3.8666274365076587,1.125476831028067,1
6.523075249230324,2.79385951450168,4.619787660691198,1.436942715535834,1
6.265184450474196,2.4481368720042047,4.872471793395532,1.444180053739534,1
5.593817241452691,2.9381024952629007,4.201358092701562,1.2720199706940827,1
5.814501485403694,2.9232015512497798,4.210579109128181,1.3303275878188439,1
6.038818758453024,2.690593810400413,5.058107668742896,1.594990077172088,1
5.751537276260092,2.8907803440578883,4.152953155187538,1.244004755550046,1
5.782849569892163,2.632433770870182,5.083727778936332,1.8896471922597067,2
5.989369447658569,2.5089592248128603,5.475484304985594,1.384740155918735,2
6.226483500885424,3.349967068641081,5.325527574922546,2.320451183664708,2
6.479452881114595,3.0138842497885565,5.15570962979775,2.0608709298652297,2
6.267899430059099,2.776055905235198,5.1799924029343964,1.4794847126951662,2
6.1780833718184365,2.781858521107857,4.827889925692312,1.8372018606808598,2
5.778147257569568,2.675049634724845,5.205740590375237,1.890377714055162,2
6.211149967313518,2.7714873605572925,4.7925398835487085,1.7062865008152048,2
7.684138326288181,3.8045864064986645,6.69085089610118,2.2148461037465235,2
7.260939282460012,3.0549950543720636,5.835562473043527,1.4983188340804814,2
6.188663983798539,3.0047700774215316,4.897003439570716,1.684603258902091,2
7.323802246138597,2.828628824204268,6.302472688687287,1.7756048503209219,2
5.710008174299256,2.7864409107551484,5.077149473488303,2.442551443107041,2
6.5103799350049245,3.0085783114851172,5.828915045325588,2.1707026032500156,2
6.4840109916267545,2.956120558573946,5.541365134443032,1.790940368820206,2
6.691624196253092,3.272081942898707,5.786528356967791,2.121757668062496,2
5.615000611595731,2.751147873429846,4.981018162795562,1.93433463026615,2
5.636014682029595,2.3973429454867143,5.011309699103993,1.9933815006933535,2
5.7537116933004455,2.6950194384683046,5.081043915084256,1.852702542514702,2
7.057512955732275,2.967308489482265,5.9638642287363215,2.089498523554385,2
6.36231269829953,2.7483457679863363,5.219523418563966,1.9969549494978496,2
6.685137341554408,3.319511691319893,5.690933639509598,2.097033224314494,2
7.31757521409637,2.8195938099768925,6.069924564282122,1.9095448508468913,2
6.327892697370552,2.778488202684727,5.541478458545004,2.208903955002206,2
6.703915020788041,3.306992704030338,5.735909282126584,2.03217655411398,2
6.256004620651305,3.373394260574358,6.006561544190092,2.4396112254945126,2
6.087935072835847,2.6834292521744167,5.702707248309649,1.3383437449730355,2
6.22542599715715,2.7170698743057806,4.873115270075997,1.7890724588726714,2
7.668200880941365,3.0648561312827445,6.0599931525692075,2.2193143984184225,2
7.521836523985695,3.1137700525799206,6.6471385560443395,2.1277571709586027,2
7.696269582387905,3.0865276695194903,6.081650300036704,2.2810047564475164,2
5.816583134091616,2.704640160125283,5.162147852162573,1.9204483933381513,2
6.87315040781865,3.172560700013426,5.171545593234625,2.263185321833964,2
7.2430588118123245,3.1153292396326386,6.027988045914556,1.7817785627277847,2
7.7881510945312735,2.648980720329947,6.881068997355766,2.39013686672356,2
7.694536040870768,2.7804336025120966,6.64552047441969,2.070807593289639,2
7.735554981263852,3.795671383709735,6.749851599843577,2.215030447419454,2
6.053363403655567,3.104788063512282,4.815575868879003,1.844235806626263,2
7.637475029024499,3.8520594409448696,6.668164197851828,2.235617197360141,2
6.02869616817942,3.039999185538993,4.783856544641081,1.7698631440532024,2
5.787456725989429,2.7846762768918274,5.11100841350948,2.372230637029448,2
6.434308584133763,3.184642930967995,5.097430106405844,2.0839563133580143,2
7.725225214367641,2.79070800049749,6.6567295723218,1.8978678463564618,2
5.868921230152669,3.003400731699424,5.104004609569895,1.7606531332323254,2
7.196265859163219,2.9897125935492577,5.76616783691507,1.5575807916774642,2
6.348965044619369,3.172826824540791,5.248156137333266,2.298834586477343,2
6.388084534753714,3.2118242589074026,5.259779825565479,2.216458839757187,2
6.303275823570781,3.216623599624134,5.9855550685388454,2.4872729921668046,2
7.74965518890601,2.9773235119247947,6.137039675175372,2.348373425833291,2
6.485610982384578,3.081341759940009,5.46803402926673,1.7887476128880448,2
5.679576511489122,2.8292614347287204,4.899830299796152,2.074513435211414,2
5.814488213446049,2.679423782644229,5.179228763628973,1.9155995937800852,2
7.298698328344506,2.8094722127914085,6.336270121897028,1.847568416614443,2
6.356537835566853,3.4382938788237234,5.544097852656544,2.4082033038025763,2
5.701702313610812,2.5358759627403122,4.997368256955763,2.0540547864490146,2
7.199001051871499,3.6412540037843164,6.124576288458452,2.4388114844247424,2
6.883217191071248,3.0283246930257453,5.1149415243224325,2.217278360331,2
6.05746600975824,2.589445817881607,5.569576208873102,1.422465118180075,2
5.7828060106226395,2.856111506568751,5.05452009589079,2.402777923229749,2
7.89047142816501,3.782617463776108,6.398223215126632,1.9247939798989857,2
